category,n_model_obs_TVR,order_TVR,seasonal_TVR,AIC_TVR,n_model_obs_TVL,order_TVL,seasonal_TVL,AIC_TVL,pearson_r_TVR,spearman_rho_TVR,pearson_r_TVL,spearman_rho_TVL,thr,tvr_coverage,valid_coverage,N_tvr_pos,N_active
CDP,1123,"(2, 1, 1)","(0, 1, 1, 7)",-2438.011018583047,1123,"(1, 0, 0)","(0, 0, 0, 7)",-4838.770457808699,-0.6635494985797445,-0.5550567609834369,-0.41585517901938907,-0.3449908146829227,9365114.682027051,1.0,1.0,1127,1123
Dexs,1123,"(2, 1, 1)","(0, 1, 1, 7)",-2940.20935739912,1123,"(2, 0, 1)","(0, 0, 0, 7)",-2486.5737521843107,0.2467237290250883,0.26554054176017633,0.3109970653281702,0.2829896409707249,22426411.102296848,1.0,1.0,1127,1123
Lending,1079,"(1, 1, 2)","(1, 1, 1, 7)",-2891.6713576252996,1079,"(1, 1, 1)","(1, 1, 1, 7)",-1394.9458151771428,0.7993747755480908,0.8537843997790996,0.889627612584621,0.9462902000681768,3152361.3366725,1.0,0.9707187222715172,1127,1079
Liquid Staking,1123,"(0, 1, 0)","(0, 1, 1, 7)",-3095.535221195015,1123,"(0, 1, 0)","(0, 1, 1, 7)",-4236.966438085913,-0.2927071586759855,-0.3687521656080555,0.9381202517852872,0.9394932773027607,1000000.0,1.0,1.0,1127,1123
Onchain Capital Allocator,344,"(0, 1, 0)","(1, 1, 1, 7)",-353.86439595817257,344,"(1, 0, 2)","(1, 0, 0, 7)",-631.4008859494455,0.40711920339711233,0.3083398555245938,0.8253631496750596,0.8204941241332925,1000000.0,0.96514745308311,0.9436997319034852,360,344
Yield,1123,"(1, 0, 1)","(0, 0, 0, 7)",-3194.468655909984,1123,"(1, 0, 1)","(0, 0, 0, 7)",-2623.153298898762,0.6101753739987616,0.5876842791881922,0.39124803200099917,0.2716882478562228,3518486.51808455,1.0,1.0,1127,1123
